<?xml version="1.0" encoding="UTF-8"?>
<project-private xmlns="http://www.netbeans.org/ns/project-private/1">
    <editor-bookmarks xmlns="http://www.netbeans.org/ns/editor-bookmarks/2" lastBookmarkId="0"/>
    <open-files xmlns="http://www.netbeans.org/ns/projectui-open-files/2">
        <group>
            <file>file:/home/aga/Documents/code/web/52012049_perpustakaan_laravel/public/index.php</file>
            <file>file:/home/aga/Documents/code/web/52012049_perpustakaan_laravel/config/auth.php</file>
            <file>file:/home/aga/Documents/code/web/52012049_perpustakaan_laravel/app/Exceptions/Handler.php</file>
            <file>file:/home/aga/Documents/code/web/52012049_perpustakaan_laravel/config/app.php</file>
            <file>file:/home/aga/Documents/code/web/52012049_perpustakaan_laravel/routes/channels.php</file>
            <file>file:/home/aga/Documents/code/web/52012049_perpustakaan_laravel/routes/console.php</file>
            <file>file:/home/aga/Documents/code/web/52012049_perpustakaan_laravel/public/css/myStyles.css</file>
            <file>file:/home/aga/Documents/code/web/52012049_perpustakaan_laravel/artisan</file>
            <file>file:/home/aga/Documents/code/web/52012049_perpustakaan_laravel/app/Http/Controllers/Baru.php</file>
            <file>file:/home/aga/Documents/code/web/52012049_perpustakaan_laravel/app/Console/Kernel.php</file>
            <file>file:/home/aga/Documents/code/web/52012049_perpustakaan_laravel/app/Http/Controllers/Controller.php</file>
            <file>file:/home/aga/Documents/code/web/52012049_perpustakaan_laravel/routes/api.php</file>
            <file>file:/home/aga/Documents/code/web/52012049_perpustakaan_laravel/resources/views/layouts/template.blade.php</file>
            <file>file:/home/aga/Documents/code/web/52012049_perpustakaan_laravel/app/Buku.php</file>
            <file>file:/home/aga/Documents/code/web/52012049_perpustakaan_laravel/app/Http/Controllers/UserController.php</file>
            <file>file:/home/aga/Documents/code/web/52012049_perpustakaan_laravel/resources/views/home/buku.blade.php</file>
            <file>file:/home/aga/Documents/code/web/52012049_perpustakaan_laravel/resources/views/layouts/header.blade.php</file>
            <file>file:/home/aga/Documents/code/web/52012049_perpustakaan_laravel/config/database.php</file>
            <file>file:/home/aga/Documents/code/web/52012049_perpustakaan_laravel/config/cache.php</file>
            <file>file:/home/aga/Documents/code/web/52012049_perpustakaan_laravel/resources/views/admin/buku/kembali.blade.php</file>
            <file>file:/home/aga/Documents/code/web/52012049_perpustakaan_laravel/resources/views/admin/buku/pinjam.blade.php</file>
            <file>file:/home/aga/Documents/code/web/52012049_perpustakaan_laravel/server.php</file>
            <file>file:/home/aga/Documents/code/web/52012049_perpustakaan_laravel/routes/web.php</file>
            <file>file:/home/aga/Documents/code/web/52012049_perpustakaan_laravel/app/Http/Kernel.php</file>
            <file>file:/home/aga/Documents/code/web/52012049_perpustakaan_laravel/database/seeds/DatabaseSeeder.php</file>
            <file>file:/home/aga/Documents/code/web/52012049_perpustakaan_laravel/app/Http/Controllers/PinjamController.php</file>
            <file>file:/home/aga/Documents/code/web/52012049_perpustakaan_laravel/app/Http/Controllers/BukuController.php</file>
        </group>
    </open-files>
</project-private>
